{"name":"01cd302a-2f14-4692-8130-da085cc0ee0b","id":"/providers/Microsoft.Flow/flows/01cd302a-2f14-4692-8130-da085cc0ee0b","type":"Microsoft.Flow/flows","properties":{"apiId":"/providers/Microsoft.PowerApps/apis/shared_logicflows","displayName":"Reimburesement Request Approval","definition":{"metadata":{"workflowEntityId":null,"processAdvisorMetadata":null,"flowChargedByPaygo":null,"flowclientsuspensionreason":"None","flowclientsuspensiontime":null,"flowclientsuspensionreasondetails":null,"creator":{"id":"a0475d1c-642f-401c-8d74-66ccc88e5ca5","type":"User","tenantId":"b004a8b0-87e2-43c3-9940-c62feee15ff9"},"provisioningMethod":"FromDefinition","failureAlertSubscription":true,"clientLastModifiedTime":"2025-07-02T12:19:08.1973234Z","connectionKeySavedTimeKey":"2025-07-02T12:19:08.1973234Z","creationSource":"Portal","modifiedSources":"Portal"},"$schema":"https://schema.management.azure.com/providers/Microsoft.Logic/schemas/2016-06-01/workflowdefinition.json#","contentVersion":"1.0.0.0","parameters":{"$authentication":{"defaultValue":{},"type":"SecureObject"},"$connections":{"defaultValue":{},"type":"Object"}},"triggers":{"When_an_item_is_created":{"recurrence":{"frequency":"Minute","interval":1},"splitOn":"@triggerOutputs()?['body/value']","type":"OpenApiConnection","inputs":{"parameters":{"dataset":"https://labskraft27.sharepoint.com/sites/GuruCompany","table":"cb341a02-53b1-41b3-ab27-7c3626378f29"},"host":{"apiId":"/providers/Microsoft.PowerApps/apis/shared_sharepointonline","connectionName":"shared_sharepointonline","operationId":"GetOnNewItems"},"authentication":"@parameters('$authentication')"}}},"actions":{"To_the_approver":{"runAfter":{},"type":"OpenApiConnection","inputs":{"parameters":{"emailMessage/To":"user519@labskraft.com","emailMessage/Subject":"New Reimbursement Request for Approval","emailMessage/Body":"<p class=\"editor-paragraph\"><b><strong class=\"editor-text-bold\" style=\"font-family: Verdana;\">Hello Team,</strong></b></p><br><p class=\"editor-paragraph\">We have a new reimburesement request from @{triggerBody()?['Name']} for the amount of @{triggerBody()?['Amount']}. Just adding few important details for your reference!<br></p><br><p class=\"editor-paragraph\"><b><strong class=\"editor-text-bold\">Employee ID: </strong></b>@{triggerBody()?['EmployeeID']}</p><p class=\"editor-paragraph\"><br><b><strong class=\"editor-text-bold\">Department: </strong></b>@{triggerBody()?['Department']}</p><p class=\"editor-paragraph\"><br><b><strong class=\"editor-text-bold\">Reporting Manager: </strong></b>@{triggerBody()?['ReportingManager/DisplayName']}</p><p class=\"editor-paragraph\"><br><b><strong class=\"editor-text-bold\">Expense Type: </strong></b>@{triggerBody()?['Expensetype/Value']}<br><br>Kindly look into it and act asap. Thank you!</p>","emailMessage/Importance":"High"},"host":{"apiId":"/providers/Microsoft.PowerApps/apis/shared_office365","connectionName":"shared_office365","operationId":"SendEmailV2"},"authentication":"@parameters('$authentication')"}},"Self_Mail":{"runAfter":{"To_the_approver":["Succeeded"]},"type":"OpenApiConnection","inputs":{"parameters":{"emailMessage/To":"@triggerBody()?['Author/Email']","emailMessage/Subject":"Your Reimburesement Request Details","emailMessage/Body":"<p class=\"editor-paragraph\"><b><strong class=\"editor-text-bold\">Hi</strong></b> @{triggerBody()?['Name']},</p><br><p class=\"editor-paragraph\">We have received a new reimburesement request from you. Here are the details:<br><br><b><strong class=\"editor-text-bold\">Employee ID: </strong></b>@{triggerBody()?['EmployeeID']}<br><br><b><strong class=\"editor-text-bold\">Department: </strong></b>@{triggerBody()?['Department']}<br><br><b><strong class=\"editor-text-bold\">Reporting Manager: </strong></b>@{triggerBody()?['ReportingManager/DisplayName']}<br><br><b><strong class=\"editor-text-bold\">Expense Type: </strong></b>@{triggerBody()?['Expensetype/Value']}</p><br><p class=\"editor-paragraph\"><b><strong class=\"editor-text-bold\">Amount: </strong></b>@{triggerBody()?['Amount']}</p><br><p class=\"editor-paragraph\">We have sent the request for approval to your manager. In meantime, if you want to edit the details felle free to reach out us! Thank you!</p>","emailMessage/Importance":"Low"},"host":{"apiId":"/providers/Microsoft.PowerApps/apis/shared_office365","connectionName":"shared_office365","operationId":"SendEmailV2"},"authentication":"@parameters('$authentication')"}}},"outputs":{}},"connectionReferences":{"shared_sharepointonline":{"connectionName":"shared-sharepointonl-959068a9-a683-4e94-b13e-fabe4dae745c","source":"Embedded","id":"/providers/Microsoft.PowerApps/apis/shared_sharepointonline","tier":"NotSpecified","apiName":"sharepointonline","isProcessSimpleApiReferenceConversionAlreadyDone":false},"shared_office365":{"connectionName":"shared-office365-fbe30a0f-3fbc-41d7-b4f4-9c0fbe8c2729","source":"Embedded","id":"/providers/Microsoft.PowerApps/apis/shared_office365","tier":"NotSpecified","apiName":"office365","isProcessSimpleApiReferenceConversionAlreadyDone":false}},"flowFailureAlertSubscribed":false,"isManaged":false}}