{"schemaVersion":"1.0","appDefinitionTemplate":{"id":"/providers/Microsoft.PowerApps/apps/","type":"Microsoft.PowerApps/apps","tags":{"primaryDeviceWidth":"1366","primaryDeviceHeight":"768","supportsPortrait":"true","supportsLandscape":"true","primaryFormFactor":"Tablet","showStatusBar":"false","publisherVersion":"3.25064.3","minimumRequiredApiVersion":"2.2.0","hasComponent":"false","hasUnlockedComponent":"false","isUnifiedRootApp":"false","sienaVersion":"20250701T040528Z-3.25064.3.0"},"properties":{"appVersion":"2025-07-01T04:05:28Z","lifeCycleId":"Published","createdByClientVersion":{"major":3,"minor":25064,"build":3,"revision":0,"majorRevision":0,"minorRevision":0},"minClientVersion":{"major":3,"minor":25064,"build":3,"revision":0,"majorRevision":0,"minorRevision":0},"backgroundColor":"RGBA(0,176,240,1)","backgroundImageUri":"/6883887641702489411/N57f15001-a518-406e-8250-6f574a1e81cb-logoSmallFile","displayName":"Employee Form Utube","description":"","commitMessage":"","appUris":{"documentUri":{"value":"/6883887641702489411/N74665314-7d5a-46bc-98c2-ade001f74de8-document.msapp"},"imageUris":[],"additionalUris":[{"isSolutionAware":false,"value":"/6883887641702489411/N98016eca-3133-474f-b6bb-a0ba251ef581-identity.json"}]},"createdTime":"0001-01-01T00:00:00Z","lastModifiedTime":"0001-01-01T00:00:00Z","sharedGroupsCount":0,"sharedUsersCount":0,"connectionReferences":{"2bc703c1-922d-4584-8122-80713d25bd71":{"id":"3ad544b0-8f9d-4f3b-8513-5a2d0a257078","displayName":"SharePoint","iconUri":"https://conn-afd-prod-endpoint-bmc9bqahasf3grgk.b01.azurefd.net/v1.0.1754/1.0.1754.4231/sharepointonline/icon.png","dataSources":["Employee Details"],"dependencies":[],"dependents":[],"parameterHints":{},"parameterHintsV2":{},"isOnPremiseConnection":false,"bypassConsent":false,"dataSets":{"https://labskraft27.sharepoint.com/sites/GuruCompany":{"dataSources":{"Employee Details":{"tableName":"b0ba27fd-e8df-4f3c-8c53-582164a462bf"}}}},"apiTier":"Standard","isCustomApiConnection":false,"actions":["providers/PowerPlatform.Governance/Operations/Read","providers/PowerPlatform.Governance/Operations/Write"]}},"databaseReferences":{},"almMode":"Environment","performanceOptimizationEnabled":true,"canConsumeAppPass":true,"enableModernRuntimeMode":false,"executionRestrictions":{"isTeamsOnly":false,"dataLossPreventionEvaluationResult":{"status":"Compliant","lastEvaluationDate":"2025-07-01T04:05:32.8439345Z","violations":[],"violationsByPolicy":[],"violationErrorMessage":"The app uses the following connectors: shared_sharepointonline."}}},"isAppComponentLibrary":false,"appType":"ClassicCanvasApp","appComponents":[]}}