{"name":"2d805a3f-82b4-420a-b3ba-361b7d1ebc69","id":"/providers/Microsoft.Flow/flows/2d805a3f-82b4-420a-b3ba-361b7d1ebc69","type":"Microsoft.Flow/flows","properties":{"apiId":"/providers/Microsoft.PowerApps/apis/shared_logicflows","displayName":"Reimburesement Request Mail to approval flow","definition":{"metadata":{"workflowEntityId":null,"processAdvisorMetadata":null,"flowChargedByPaygo":null,"flowclientsuspensionreason":"None","flowclientsuspensiontime":null,"flowclientsuspensionreasondetails":null,"creator":{"id":"a0475d1c-642f-401c-8d74-66ccc88e5ca5","type":"User","tenantId":"b004a8b0-87e2-43c3-9940-c62feee15ff9"},"provisioningMethod":"FromDefinition","failureAlertSubscription":true,"clientLastModifiedTime":"2025-07-03T12:23:23.4395078Z","connectionKeySavedTimeKey":"2025-07-03T12:23:23.4395078Z","creationSource":null,"modifiedSources":"Portal"},"$schema":"https://schema.management.azure.com/providers/Microsoft.Logic/schemas/2016-06-01/workflowdefinition.json#","contentVersion":"1.0.0.0","parameters":{"$authentication":{"defaultValue":{},"type":"SecureObject"},"$connections":{"defaultValue":{},"type":"Object"}},"triggers":{"When_an_item_is_created":{"recurrence":{"frequency":"Minute","interval":5},"splitOn":"@triggerOutputs()?['body/value']","metadata":{"operationMetadataId":"5e112fa5-3e7e-4ab4-a2f1-141c001f6f10"},"type":"OpenApiConnection","inputs":{"parameters":{"dataset":"https://labskraft27.sharepoint.com/sites/GuruCompany","table":"cb341a02-53b1-41b3-ab27-7c3626378f29"},"host":{"apiId":"/providers/Microsoft.PowerApps/apis/shared_sharepointonline","connectionName":"shared_sharepointonline","operationId":"GetOnNewItems"},"authentication":"@parameters('$authentication')"}}},"actions":{"Send_an_email_(V2)":{"runAfter":{},"metadata":{"operationMetadataId":"0ec49ba9-2c67-426f-ac87-11721fc2698b"},"type":"OpenApiConnection","inputs":{"parameters":{"emailMessage/To":"user10@labskraft.com;user11@labskraft.com;user12@labskraft.com;user18@labskraft.com","emailMessage/Subject":"New Reimburesement zrequest from Employee","emailMessage/Body":"<p><span style=\"font-family: verdana\"><strong>Hello team,<br>\n<br>\n</strong></span><span style=\"font-family: verdana\">We have a new request from&nbsp;</span></p>","emailMessage/Importance":"Normal"},"host":{"apiId":"/providers/Microsoft.PowerApps/apis/shared_office365","connectionName":"shared_office365","operationId":"SendEmailV2"},"authentication":"@parameters('$authentication')"}}},"outputs":{}},"connectionReferences":{"shared_sharepointonline":{"connectionName":"shared-sharepointonl-959068a9-a683-4e94-b13e-fabe4dae745c","source":"Embedded","id":"/providers/Microsoft.PowerApps/apis/shared_sharepointonline","tier":"NotSpecified","apiName":"sharepointonline","isProcessSimpleApiReferenceConversionAlreadyDone":false},"shared_office365":{"connectionName":"shared-office365-fbe30a0f-3fbc-41d7-b4f4-9c0fbe8c2729","source":"Embedded","id":"/providers/Microsoft.PowerApps/apis/shared_office365","tier":"NotSpecified","apiName":"office365","isProcessSimpleApiReferenceConversionAlreadyDone":false}},"flowFailureAlertSubscribed":false,"isManaged":false}}