{"schemaVersion":"1.0","appDefinitionTemplate":{"id":"/providers/Microsoft.PowerApps/apps/","type":"Microsoft.PowerApps/apps","tags":{"primaryDeviceWidth":"1366","primaryDeviceHeight":"768","supportsPortrait":"true","supportsLandscape":"true","primaryFormFactor":"Tablet","showStatusBar":"false","publisherVersion":"3.25065.7","minimumRequiredApiVersion":"2.2.0","hasComponent":"false","hasUnlockedComponent":"false","isUnifiedRootApp":"false","sienaVersion":"20250713T195835Z-3.25065.7.0"},"properties":{"appVersion":"2025-07-13T19:58:35Z","lifeCycleId":"Published","createdByClientVersion":{"major":3,"minor":25065,"build":7,"revision":0,"majorRevision":0,"minorRevision":0},"minClientVersion":{"major":3,"minor":25065,"build":7,"revision":0,"majorRevision":0,"minorRevision":0},"backgroundColor":"RGBA(0,176,240,1)","backgroundImageUri":"/9970697582005620693/N6b391f9e-07a8-47d9-8840-599ffe11ab47-logoSmallFile","displayName":"Hospital Registration","description":"","commitMessage":"","appUris":{"documentUri":{"value":"/9970697582005620693/Nfb0768dd-4cdc-4c63-a58e-489b3743ec78-document.msapp"},"imageUris":[],"additionalUris":[{"isSolutionAware":false,"value":"/9970697582005620693/Nf0c28023-86a9-4a7d-aab6-04a71594bbc4-identity.json"}]},"createdTime":"0001-01-01T00:00:00Z","lastModifiedTime":"0001-01-01T00:00:00Z","sharedGroupsCount":0,"sharedUsersCount":0,"connectionReferences":{"e19e4489-1b9a-45d2-a012-87c7ce86f362":{"id":"3ad544b0-8f9d-4f3b-8513-5a2d0a257078","displayName":"SharePoint","iconUri":"https://conn-afd-prod-endpoint-bmc9bqahasf3grgk.b01.azurefd.net/v1.0.1754/1.0.1754.4231/sharepointonline/icon.png","dataSources":["Hospital Reg., Insurance Information 1","Hospital Reg., Patient History 1","Hospital Reg., Patient Registration Form 1","Hospital Reg., Patient Emergency Contact Form 1"],"dependencies":[],"dependents":[],"parameterHints":{},"parameterHintsV2":{},"isOnPremiseConnection":false,"bypassConsent":false,"dataSets":{"https://labskraft27.sharepoint.com/sites/GuruCompany":{"dataSources":{"Hospital Reg., Insurance Information 1":{"tableName":"26357b8e-4adf-45a9-aea1-f2f617e679e2"},"Hospital Reg., Patient History 1":{"tableName":"29ce43ca-efc5-4cbc-af57-4d968e6320a9"},"Hospital Reg., Patient Registration Form 1":{"tableName":"864b6279-fbc3-48e7-ba75-ed4517d17f0d"},"Hospital Reg., Patient Emergency Contact Form 1":{"tableName":"f0158716-0bbe-4c0c-a904-d24cf6c5357d"}}}},"apiTier":"Standard","isCustomApiConnection":false,"actions":["providers/PowerPlatform.Governance/Operations/Read","providers/PowerPlatform.Governance/Operations/Write"]}},"databaseReferences":{},"almMode":"Environment","performanceOptimizationEnabled":true,"canConsumeAppPass":true,"enableModernRuntimeMode":false,"executionRestrictions":{"isTeamsOnly":false,"dataLossPreventionEvaluationResult":{"status":"Compliant","lastEvaluationDate":"2025-06-29T10:43:09.1214194Z","violations":[],"violationsByPolicy":[],"violationErrorMessage":"The app uses the following connectors: shared_sharepointonline."}}},"isAppComponentLibrary":false,"appType":"ClassicCanvasApp","appComponents":[]}}