{"schemaVersion":"1.0","appDefinitionTemplate":{"id":"/providers/Microsoft.PowerApps/apps/","type":"Microsoft.PowerApps/apps","tags":{"primaryDeviceWidth":"1366","primaryDeviceHeight":"768","supportsPortrait":"true","supportsLandscape":"true","primaryFormFactor":"Tablet","showStatusBar":"false","publisherVersion":"3.25064.3","minimumRequiredApiVersion":"2.2.0","hasComponent":"false","hasUnlockedComponent":"false","isUnifiedRootApp":"false","sienaVersion":"20250706T134200Z-3.25064.3.0"},"properties":{"appVersion":"2025-07-06T13:42:00Z","lifeCycleId":"Published","createdByClientVersion":{"major":3,"minor":25064,"build":3,"revision":0,"majorRevision":0,"minorRevision":0},"minClientVersion":{"major":3,"minor":25064,"build":3,"revision":0,"majorRevision":0,"minorRevision":0},"backgroundColor":"RGBA(0,176,240,1)","backgroundImageUri":"/13461421229500376453/N231dea0d-a996-400e-a1da-fadab5097333-logoSmallFile","displayName":"Travel Itinerary","description":"","commitMessage":"","appUris":{"documentUri":{"value":"/13461421229500376453/N1a69f1c6-1305-48ff-9b56-d2941f90ea79-document.msapp"},"imageUris":[],"additionalUris":[{"isSolutionAware":false,"value":"/13461421229500376453/Nf4f75774-7352-49cb-98de-47c1e26d3653-identity.json"}]},"createdTime":"0001-01-01T00:00:00Z","lastModifiedTime":"0001-01-01T00:00:00Z","sharedGroupsCount":0,"sharedUsersCount":0,"connectionReferences":{"86d12609-d39c-48b6-aab5-8290e26210ad":{"id":"3ad544b0-8f9d-4f3b-8513-5a2d0a257078","displayName":"SharePoint","iconUri":"https://conn-afd-prod-endpoint-bmc9bqahasf3grgk.b01.azurefd.net/v1.0.1754/1.0.1754.4231/sharepointonline/icon.png","dataSources":["Travel Itinerary Basic Details","Travel Itinerary MoT Details","Travel Itinerary Hotel Details","Travel Itinerary Activity"],"dependencies":[],"dependents":[],"parameterHints":{},"parameterHintsV2":{},"isOnPremiseConnection":false,"bypassConsent":false,"dataSets":{"https://labskraft27.sharepoint.com/sites/GuruCompany":{"dataSources":{"Travel Itinerary Basic Details":{"tableName":"a3e34e57-022f-49fa-b465-891f98b59563"},"Travel Itinerary MoT Details":{"tableName":"a1d1e90b-675b-45fd-bf17-eac94e7723e2"},"Travel Itinerary Hotel Details":{"tableName":"6a899153-cc15-4969-b792-d47d7067999e"},"Travel Itinerary Activity":{"tableName":"16cf0203-27f1-4331-b857-a5b51aefa206"}}}},"apiTier":"Standard","isCustomApiConnection":false,"actions":["providers/PowerPlatform.Governance/Operations/Read","providers/PowerPlatform.Governance/Operations/Write"]}},"databaseReferences":{},"almMode":"Environment","performanceOptimizationEnabled":true,"canConsumeAppPass":true,"enableModernRuntimeMode":false,"executionRestrictions":{"isTeamsOnly":false,"dataLossPreventionEvaluationResult":{"status":"Compliant","lastEvaluationDate":"2025-06-30T04:48:26.0791105Z","violations":[],"violationsByPolicy":[],"violationErrorMessage":"The app uses the following connectors: shared_sharepointonline."}}},"isAppComponentLibrary":false,"appType":"ClassicCanvasApp","appComponents":[]}}