<ImportExportXml version="9.2.25071.164" SolutionPackageVersion="9.2" languagecode="1033" generatedBy="CrmLive" xmlns:xsi="http://www.w3.org/2001/XMLSchema-instance" OrganizationVersion="9.2.25071.164" OrganizationSchemaType="Standard" CRMServerServiceabilityVersion="9.2.25071.00164">
  <SolutionManifest>
    <UniqueName>Guru_Apps</UniqueName>
    <LocalizedNames>
      <LocalizedName description="Guru_Apps" languagecode="1033" />
    </LocalizedNames>
    <Descriptions />
    <Version>1.0.0.3</Version>
    <Managed>0</Managed>
    <Publisher>
      <UniqueName>SURYA</UniqueName>
      <LocalizedNames>
        <LocalizedName description="SURYA" languagecode="1033" />
      </LocalizedNames>
      <Descriptions />
      <EMailAddress xsi:nil="true"></EMailAddress>
      <SupportingWebsiteUrl xsi:nil="true"></SupportingWebsiteUrl>
      <CustomizationPrefix>mca</CustomizationPrefix>
      <CustomizationOptionValuePrefix>86139</CustomizationOptionValuePrefix>
      <Addresses>
        <Address>
          <AddressNumber>1</AddressNumber>
          <AddressTypeCode>1</AddressTypeCode>
          <City xsi:nil="true"></City>
          <County xsi:nil="true"></County>
          <Country xsi:nil="true"></Country>
          <Fax xsi:nil="true"></Fax>
          <FreightTermsCode xsi:nil="true"></FreightTermsCode>
          <ImportSequenceNumber xsi:nil="true"></ImportSequenceNumber>
          <Latitude xsi:nil="true"></Latitude>
          <Line1 xsi:nil="true"></Line1>
          <Line2 xsi:nil="true"></Line2>
          <Line3 xsi:nil="true"></Line3>
          <Longitude xsi:nil="true"></Longitude>
          <Name xsi:nil="true"></Name>
          <PostalCode xsi:nil="true"></PostalCode>
          <PostOfficeBox xsi:nil="true"></PostOfficeBox>
          <PrimaryContactName xsi:nil="true"></PrimaryContactName>
          <ShippingMethodCode>1</ShippingMethodCode>
          <StateOrProvince xsi:nil="true"></StateOrProvince>
          <Telephone1 xsi:nil="true"></Telephone1>
          <Telephone2 xsi:nil="true"></Telephone2>
          <Telephone3 xsi:nil="true"></Telephone3>
          <TimeZoneRuleVersionNumber xsi:nil="true"></TimeZoneRuleVersionNumber>
          <UPSZone xsi:nil="true"></UPSZone>
          <UTCOffset xsi:nil="true"></UTCOffset>
          <UTCConversionTimeZoneCode xsi:nil="true"></UTCConversionTimeZoneCode>
        </Address>
        <Address>
          <AddressNumber>2</AddressNumber>
          <AddressTypeCode>1</AddressTypeCode>
          <City xsi:nil="true"></City>
          <County xsi:nil="true"></County>
          <Country xsi:nil="true"></Country>
          <Fax xsi:nil="true"></Fax>
          <FreightTermsCode xsi:nil="true"></FreightTermsCode>
          <ImportSequenceNumber xsi:nil="true"></ImportSequenceNumber>
          <Latitude xsi:nil="true"></Latitude>
          <Line1 xsi:nil="true"></Line1>
          <Line2 xsi:nil="true"></Line2>
          <Line3 xsi:nil="true"></Line3>
          <Longitude xsi:nil="true"></Longitude>
          <Name xsi:nil="true"></Name>
          <PostalCode xsi:nil="true"></PostalCode>
          <PostOfficeBox xsi:nil="true"></PostOfficeBox>
          <PrimaryContactName xsi:nil="true"></PrimaryContactName>
          <ShippingMethodCode>1</ShippingMethodCode>
          <StateOrProvince xsi:nil="true"></StateOrProvince>
          <Telephone1 xsi:nil="true"></Telephone1>
          <Telephone2 xsi:nil="true"></Telephone2>
          <Telephone3 xsi:nil="true"></Telephone3>
          <TimeZoneRuleVersionNumber xsi:nil="true"></TimeZoneRuleVersionNumber>
          <UPSZone xsi:nil="true"></UPSZone>
          <UTCOffset xsi:nil="true"></UTCOffset>
          <UTCConversionTimeZoneCode xsi:nil="true"></UTCConversionTimeZoneCode>
        </Address>
      </Addresses>
    </Publisher>
    <RootComponents>
      <RootComponent type="29" id="{1b13a162-2b67-f011-b4cb-000d3ac9aa7a}" behavior="0" />
      <RootComponent type="29" id="{4613a162-2b67-f011-b4cb-000d3ac9aa7a}" behavior="0" />
      <RootComponent type="29" id="{9048f760-5a9b-ef11-8a6a-000d3a348b6b}" behavior="0" />
      <RootComponent type="29" id="{909724fb-2a29-4e31-8bd7-4e765476299a}" behavior="0" />
      <RootComponent type="29" id="{aa11a162-2b67-f011-b4cb-000d3ac9aa7a}" behavior="0" />
      <RootComponent type="29" id="{ab11a162-2b67-f011-b4cb-000d3ac9aa7a}" behavior="0" />
      <RootComponent type="29" id="{ac11a162-2b67-f011-b4cb-000d3ac9aa7a}" behavior="0" />
      <RootComponent type="29" id="{ad11a162-2b67-f011-b4cb-000d3ac9aa7a}" behavior="0" />
      <RootComponent type="29" id="{cc7ad75f-f442-ef11-8409-0022480bf39e}" behavior="0" />
      <RootComponent type="29" id="{cd7ad75f-f442-ef11-8409-0022480bf39e}" behavior="0" />
      <RootComponent type="29" id="{de12a162-2b67-f011-b4cb-000d3ac9aa7a}" behavior="0" />
      <RootComponent type="29" id="{df12a162-2b67-f011-b4cb-000d3ac9aa7a}" behavior="0" />
      <RootComponent type="300" schemaName="mca_employeeformutube_d4284" behavior="0" />
      <RootComponent type="300" schemaName="mca_hospitalregistration_e4c6b" behavior="0" />
      <RootComponent type="300" schemaName="mca_inventorymanagement_31835" behavior="0" />
      <RootComponent type="300" schemaName="mca_onboarding_3ed99" behavior="0" />
      <RootComponent type="300" schemaName="mca_responsiveapp_9587f" behavior="0" />
      <RootComponent type="300" schemaName="mca_travelitinerary_64414" behavior="0" />
    </RootComponents>
    <MissingDependencies />
  </SolutionManifest>
</ImportExportXml>