{"__Version":"0.1","App":"6400deba-18f6-4c5b-b4f0-4f6d4daf017a","Test_7F478737223C4B69":"6450ead0-f61d-450a-bce2-be16bc6c3005","Host":"ddc98674-62f4-4596-9c37-92127fb457b5","Product Hub":"6a7b1f24-6955-47ab-b8e4-d5c0969c0367","Heading Container":"0a9eb3d5-277f-4eff-83a2-8729c5634b1f","Heading":"2203e5ac-8500-4236-b4b7-0ba23de59f5b","Product Hub Form Container":"f30636e5-748b-42fd-8171-fd63e74cb46e","Product Hub Form":"fe76cad5-c743-4844-ae77-8279f73d4743","Product Name DataCard":"8020dbc0-6ddc-4f99-abc3-3cfc0712eef0","Product Name Key":"e2439ab7-fc82-4e3f-a8aa-9079e83810a9","Icon1":"fc477bb4-3105-477d-b1d9-5aed909d9aa3","Product Name Value":"3b8b8108-298f-4463-9a11-ac0071888d6f","Error Message - Product Name":"6b8fe90b-ee04-4c5f-8d21-3ff27a3d4c5c","Product Quantity DataCard":"ebd92c3c-312d-420c-8e7f-f2ebb815acc8","Product Quantity Key":"49d54685-804d-4728-8c4a-10523576c8a9","Icon2":"2f68d4b1-c103-4612-aa8d-d9bacd33a663","Product Quantity Value":"0aa36239-2657-4feb-82b5-d61dd5f71916","Error Message - Product Quantity":"5509e8be-8965-4b80-8b98-b55e52f404e5","Quality Check DataCard":"7afc4977-a793-495e-8da4-6656a1215d51","Quality Check Checkbox":"e7317597-ad95-465c-a395-fd599ce1aee9","Error Message - Quality Checkbox":"3bdf1f50-d3a4-4ef7-8229-d541827fdc66","Hub Location DataCard":"a294a4c6-eaf7-4f8f-8e26-295f5a078890","Hub Location Key":"9c154f96-e065-436c-a3db-864a262ba491","Icon8":"73fc25a8-a182-4db7-a3f1-4770515ff322","Hub Location Dropdown":"41b9fded-f8b0-4045-8953-cec90e9a7926","Error Message - Hub Location":"a5a3d040-0974-4965-8be1-e19360132bc7","Price DataCard":"e7c4829c-c438-48cc-94d1-a5a27da74ca4","Price Key":"32a321c5-a5bb-4273-9456-ba04c024bd35","Icon4":"16781aa3-8849-42aa-bc12-c42e164769b3","Price Value":"9fb47b36-b5a7-4c7f-a06a-a03a2cb994fd","Error Message - Price":"dabd911e-f538-434f-a229-75ae74d8c741","Barcode Reader DataCard":"e3ef0b32-d1b2-4bd1-9f2d-b5a08cd6a6a9","BarcodeReader":"a39745ce-490e-4f03-bc26-5d9ad4da5304","Error Message - Barcode Reader":"e823c950-2a57-4cf1-bbd3-7a2a79ae8f10","Expiry Date DataCard":"a6919f34-428f-4756-8561-662e8ec23988","Expiry Date Key":"f9aac0d6-1b46-48e4-a686-b2b46ca24ebf","Icon6_1":"f008ce5f-d135-4be5-98d7-17f8eb104a15","Expiry Date DatePicker":"af845652-c29a-486a-b25a-74641158b5fd","Error Message - Expiry Date":"f51625d6-0649-46ab-95ea-fb1a26531b41","Hub Address DataCard":"d4e88bd6-1c83-46f6-8b6a-4dac61ae07f2","Hub Address Key":"95a13e1e-326a-4474-a2a3-fa1691d2d07c","Icon3":"23c1fe53-ea2b-46c8-b229-e37f976f80ae","Hub Address TextInput":"53a89fe5-6199-4d94-adab-8affebce8128","Error Message - Hub Address":"6673bfc9-fa71-4c86-af95-b53b44c4a1a4","Date of Manufacturing DataCard":"e6960c39-e044-49f0-ba59-9a7d98c376ba","Date of Manufacturing Key":"0b6fe3d2-77db-4892-839e-cc52546cc0f8","Icon6":"81cdc324-b75f-4ecf-b288-4fa68b428446","Date of Manufacturing DatePicker":"1b6b44db-ac1c-4bca-a23a-4b06c1c0a62c","Error Message - Date of Manufacturing":"245d55b8-ead4-4d3a-b406-8a3242013f4f","Location Head DataCard":"adf39ba4-cef8-4edb-8870-b961c4800a7e","Location Head Key":"22d1b1a6-f3e2-4872-998c-16d2442165cf","Icon7":"475ad1e6-f61f-460c-91d1-6f6ffea12317","Location Head TextInput":"20cffe7c-c607-43e8-97c5-76f7b97d83ec","Error Message - Location Head":"2cd5d169-0d9e-4181-a60e-006584b52d86","Product Image_DataCard1":"a84ce490-4901-4f26-a757-80388a0b9536","StarVisible2":"4d036aed-76ab-45e2-b77c-2593a5c8f5b2","DataCardKey2":"c19d739d-0498-4215-8d5f-4825c443aa8b","AddPicture1":"bad24e09-f4c7-42e4-82c8-1918c9a0baf2","Image2":"c99a36bd-96dc-49bb-9b6a-5c4cf9b1799a","ErrorMessage2":"2c3a8cc4-afd9-448e-8a32-ab7e9fb13705","Next Button_1":"4ba1271d-0939-46e0-90fb-72334d775f19","Shipement Warehouse":"0dc68a17-7adc-45c1-b453-db193a2f5f34","Shipement Warehouse Form Container":"5b68318b-f8fb-44ac-8f4a-cb98a9ad91a9","Shipement Warehouse Form":"82f5593d-f391-4678-a422-6d7567d25ea5","Arrival Date DataCard":"9590a26e-010f-4db6-b234-be96d468de7e","Arrival Date Key":"b8f2d0da-44e9-453a-b973-caaf4e287c23","Icon6_2":"e04dabb3-fa40-414b-95b1-53ded5f91d97","Arrival Date DatePicker":"e8450a3a-4f1d-47a3-aed9-050dccd03c26","Error Message - Arrival Date":"03ed37af-d3d2-4644-a5e9-292ec3734e77","Hub Location DataCard_1":"e7b4db43-cc0e-46b5-bdfb-b710f089af9c","Hub Location Key_1":"12715f18-31bc-477e-9bf4-119174e31a68","Icon8_1":"9d4c99d1-acf9-4a55-92b2-b70089b2ff76","Hub Location Dropdown_1":"3eeb73f5-8b24-4d0a-b965-cfe686bacd91","Error Message - Hub Location_1":"3ef3f4df-db00-4a85-9920-c17cac3e9f4f","Packed DataCard":"2f7d386c-7048-4b78-8b26-233ea01ec2a6","Packed Checkbox":"dab52d0d-d833-462e-8f10-4b45e149c016","Error Message - Packed":"1b90277a-6ae8-4358-aa2c-3a9bce5d0145","Delivered To DataCard":"5452a73e-8e4e-432d-9f50-7a4d8189d801","Delivered To Key":"8bd8dc04-a7d9-4132-8780-4116dd5e6960","Icon7_1":"5636aeca-3f9e-473f-a96d-83879cfc55b4","Delivered To Value":"25b6d6ff-f0a1-4846-9ae5-92ea54092354","Error Message - Delivered To":"56c877dc-af4c-4471-8549-128860c9f7b8","Dispatch Date DataCard":"12f6a46c-f3f2-455b-b97f-f36ed9cb461b","Dispatch Date Key":"18004fd3-5c02-460b-8d93-90be4106e500","Icon6_3":"8eb31683-432d-4a96-b6a1-d11dfb67c6e6","Dispatch Date DatePicker":"42068d99-7354-442b-a710-28fc65eafac4","Error Message - Dispatch Date":"1be30215-cc11-4bca-b5bc-75fbcdbce3e6","Dispatch To Location DataCard":"9523ffe6-23b0-443c-b736-47350432925d","Dispatch To Location Key":"1273c96a-d165-4690-8707-95ebd3607dcc","Icon9":"be4e8b68-4fbf-4eb6-9b0e-1d0212084eee","Dispatch To Location Dropdown":"616fa655-d6b9-4a0d-956a-8b7c7579e934","Error Message - Dispatch To Location":"d533faa3-632b-4092-b7af-bec1e0e2abd4","Signature DataCard":"1f28631a-afe9-4c03-a910-3b08d26f3f03","Signature Key":"01f41991-6721-4329-b353-8ec0872dc561","Icon10":"1aa099b2-e7f9-4418-97b9-e99c0dfaa581","Signature PenInput":"c9173c9d-00dd-45e4-bfc8-a7fd32d5b69f","Error Message - Signature":"9e1165d0-b79c-4d60-a996-2015e099270e","Sign Off DataCard":"08647fd8-0a78-4002-b62f-72e58b7d17f2","Sign Off Key":"4973c19d-c3e0-4b48-9ad9-20cca5164c3d","Icon10_1":"8f2ca8f4-ee0b-4cc7-a34f-82245a493fe7","Sign Off PenInput":"46a6d2b0-61aa-4656-9a80-2f163a469853","Error Message - Sign Off":"58e5e086-8128-4ef8-ac4c-dc08b3015fe7","Back Button":"9ba34677-1b39-41ec-98cc-d602145bbb49","Next Button":"fb4fa285-e423-450c-9a21-8730a373eae0","Product Delivery":"b355d92c-11bb-41ee-b83c-ffd69ebc1e54","Product Delivery Form Container":"5350b68b-52d7-4ba6-957e-ecdf76adfb24","Product Delivery Form":"10a71c6f-d166-4115-8c10-53590f0d3dca","Drop off Date DataCard":"ccdd9c5a-ecc0-4634-bd3b-044155b99d75","Drop off Date Key":"785a4a07-25d7-4ea8-988d-29506ac5bf79","Icon6_4":"fbaaeec8-6aa3-4796-aa36-53b2ab70c001","Drop off Date DatePicker":"a6fbcbe3-32c3-4ec4-8864-1fb5ba449a00","Error Message - Drop off Date":"b3d510c4-9e32-4037-8ef8-847cc4132b2e","Drop off Location DataCard":"83f04624-6a53-4af7-98a6-826c7beb6727","Drop off Location Key":"cccb82da-97fb-4a81-9ee8-1c64569bf8ba","Icon8_2":"5470b5e5-566f-4270-a971-d85561041eb7","Drop off Location Dropdown":"f57929a2-d88a-4e90-95d0-237f81f61fff","Error Message - Drop off Location":"49c63a00-04de-4198-87a9-34a3c6b6a6f4","GST Paid DataCard":"5ec9dc04-c218-48f4-a40f-6379f30f034c","GST Paid Checkbox":"9878d10d-de2f-44eb-904f-3e068ffe857f","Error Message - GST Paid":"651301b2-32e8-4d98-873d-9078e95eac65","Receiver Name DataCard":"6609aac6-726b-4dac-8bc8-03fdfcc432b8","Receiver Name Key":"99a4bf58-eb5d-447f-a4af-eba2b9ad9079","Icon7_2":"7103e8d5-4d45-4072-a83a-2c7ce95a0e47","Receiver Name Value":"35e2aa2f-8093-41a5-890a-41561425b37e","Error Message - Receiver Name":"a2c72c82-910f-411d-b1be-3cbe1bc0c61a","Total Amount DataCard":"766a1e30-b8d7-4754-aa36-49c7e1f95bc6","Total Amount Key":"7aa0854a-35ae-4844-9031-9efd0ece3a2c","Icon4_1":"2241d530-6c2c-4d04-856d-600a6734e33e","Total Amount NumberInput":"6740742e-2403-4f39-9520-5b5410035fbb","Error Message - Total Amount":"069f8132-d19c-455b-bfb5-fe68ded4d3a6","Due Amount DataCard":"fd15f3cb-6c64-453e-8500-64b07d8c291f","Due Amount Key":"d980150c-418a-4671-8a9d-bad17d095282","Icon4_2":"d8fe23e7-4606-4978-8329-bf4cc1b5f957","Due Amount NumberInput":"b6d01548-9fa0-47ae-b563-d293dd41d93e","Error Message - Due Amount":"4a560c9e-e539-4fed-b73a-cbfde288d12d","Customer Feedback":"d247ff34-1c8e-43a0-8fd0-ca5e4760ac2c","Drop off Date Key_2":"b040ed0a-33ae-4e91-9b0f-1c3d12de7a96","Microphone1":"bc207758-24ef-4280-9978-b5b026974a4d","Error Message - Drop off Date_2":"390713c4-b081-4c40-aa31-43da60a1d1b2","Back Button_1":"8711a846-f083-4199-ae54-968f4050fa14","Submit Button":"2e758838-8615-4652-9095-efbd25255d78"}