{"schemaVersion":"1.0","appDefinitionTemplate":{"id":"/providers/Microsoft.PowerApps/apps/","type":"Microsoft.PowerApps/apps","tags":{"primaryDeviceWidth":"1366","primaryDeviceHeight":"768","supportsPortrait":"true","supportsLandscape":"true","primaryFormFactor":"Tablet","showStatusBar":"false","publisherVersion":"3.25063.6","minimumRequiredApiVersion":"2.2.0","hasComponent":"false","hasUnlockedComponent":"false","isUnifiedRootApp":"false"},"properties":{"appVersion":"2025-06-27T11:50:35Z","lifeCycleId":"Published","createdByClientVersion":{"major":3,"minor":25063,"build":6,"revision":0,"majorRevision":0,"minorRevision":0},"minClientVersion":{"major":3,"minor":25063,"build":6,"revision":0,"majorRevision":0,"minorRevision":0},"backgroundColor":"RGBA(0,176,240,1)","backgroundImageUri":"/17561939737377841173/N04e42ce6-dd49-4ff5-aae2-fd1dc6e7e85e-logoSmallFile","displayName":"Onboarding","commitMessage":"","appUris":{"documentUri":{"value":"/17561939737377841173/N8d2b592c-fc0b-4143-b241-12c69f5fe525-document.msapp"},"imageUris":[],"additionalUris":[{"isSolutionAware":false,"value":"/17561939737377841173/N3249f508-7957-4269-b34d-95ed1cf3a101-identity.json"}]},"createdTime":"0001-01-01T00:00:00Z","lastModifiedTime":"0001-01-01T00:00:00Z","sharedGroupsCount":0,"sharedUsersCount":0,"connectionReferences":{"f5d4f991-a306-4d71-ba14-e44275405afe":{"id":"3ad544b0-8f9d-4f3b-8513-5a2d0a257078","displayName":"SharePoint","iconUri":"https://conn-afd-prod-endpoint-bmc9bqahasf3grgk.b01.azurefd.net/v1.0.1754/1.0.1754.4231/sharepointonline/icon.png","dataSources":["Employee Details"],"dependencies":[],"dependents":[],"parameterHints":{},"parameterHintsV2":{},"isOnPremiseConnection":false,"bypassConsent":false,"dataSets":{"https://labskraft27.sharepoint.com/sites/GuruCompany":{"dataSources":{"Employee Details":{"tableName":"b0ba27fd-e8df-4f3c-8c53-582164a462bf"}}}},"apiTier":"Standard","isCustomApiConnection":false}},"databaseReferences":{},"almMode":"Environment","performanceOptimizationEnabled":true,"canConsumeAppPass":true,"enableModernRuntimeMode":false,"executionRestrictions":{"isTeamsOnly":false,"dataLossPreventionEvaluationResult":{"status":"Compliant","lastEvaluationDate":"2025-06-27T10:37:02.3816935Z","violations":[],"violationsByPolicy":[],"violationErrorMessage":"The app uses the following connectors: shared_sharepointonline."}}},"isAppComponentLibrary":false,"appType":"ClassicCanvasApp","appComponents":[]}}